Nome,Preço
Lava Louças 14 Serviços Ll14x Inox Electrolux 220V,R$4.413
Lava-louças Electrolux 14 Serviços Preta (ll14p) 220V,R$4.598
Lava-louças Electrolux 14 Serviços Preta (ll14p) 127V,R$4.598
Lava Louças Electrolux 14 Serviços Branca Com Função Higieni,R$4.399
Lava-louças Electrolux 14 Serviços Pro Series (lp14v) Cor Preto 220V,R$9.399
Lava-louças Electrolux 14 Serviços Ll14x 220v 24601tbc289 Cor Cinza,R$5.138
Lava-louças Brastemp BLF14 de 14 serviços branca 127V,R$4.356
Lava-louças Electrolux Pro Series LP14V de 14 serviços preta 127V,R$9.399
Lava-louças Electrolux 14 Serviços Preta (ll14p),R$4.399
Lava Louça Ll14x 220 Electrolux,R$4.588
Lava-louças Electrolux 14 Serviços Função Higienizar Compras,R$11.314
Lava Louças Electrolux 14 Serviços Experience Preto 220v,R$4.399
Lava Louças Electrolux 14 Serviços Painel Touch Inox 220v,R$11.314
Lava-louças Electrolux Pro Series Painel Dig Preta - Lp14v,R$10.690
Lava-louças Electrolux 14 Serviços Pro Series (lp14v),R$9.399
Lava-louças Inox 14 Serviços 7 Programas  Pré-lavar 220v,R$11.314
"Lava-louças Electrolux Com A Porta Inox, 14 Serviços, 07 Pro",R$5.138
"Lava-louças Electrolux Pro Series Com 14 Serviços, 11 Progra",R$10.398
Lava-louças Electrolux Inox Função Higienizar 14 Programas,R$11.314
Lava Louças 14 Serviços Branca 85x45x64cm 220v - Brastemp,R$5.999
Lava-louças Electrolux 14 Serviços Inox C/ Função Higienizar,R$11.319
Lava-louças De Piso Electrolux Com 14 Serviços Inox 220v,R$11.319
Lava Louças Electrolux 14 Serviços Experience Preto 220v,R$4.399
Lava Louças Electrolux 14 Serviços Branca Com Função Higieni,R$4.399
Lava-louças Electrolux Pro Series Lp14v 14 Serviços Preta,R$7.999
 Midea DWA14b2 lava-louças 14 serviços branca 220v cor branco,R$2.989
Lava Louças Midea 14 Serviços Preta Voltagem 220v,R$3.049
Lava Louças Midea 14 Serviços Pré Lavagem Cinza Dwa14s2 22 220V,R$4.197
Lava-louças Electrolux 14 Serviços Inox Com Função Higieniza,R$5.049
Lava Louças Eos 14 Serviços Ell14s Inox Prata 220v,R$4.550
Lava Louças 14 Serviços Black Digital 127v - Electrolux,R$6.899
Lava-louças 14 Serviços Pro Series Electrolux (lp14v) - ,R$6.999
Lava Louças 14 Serviços Midea Cor Branca,R$3.049
Lava Louças Electrolux 14 Serviços Experience Preto 127v ,R$4.399
Lava-louças Electrolux 14 Serviços Pro Series(lp14v) 110/220,R$7.499
Cj Placa Potencia/interf Ll14p A09970701 Pnc 946521388-00,R$780
Lava-louças Electrolux Pro Series Lp14v De 14 Serviços 127v,R$7.199
Lava Louças 14 Serviços Ll14x Inox Electrolux 110V,R$4.829
Lava Louças Philco Pll14id Digital 14 Serviços Cor Única 220V,R$3.299
Lava-louças Electrolux 14 Serviços Ll14x 110v 24601tbc189,R$4.829
Lava-louças Eos 14 Serviços Prata Ell14s 220v,R$3.609
Lava-louças Samsung Com 14 Serviços Inox (220v),R$4.709
Lava Louças 14 Serviços Branca 85x45x64cm 127v - Brastemp,R$5.999
Lava-louças Samsung com 14 serviços Black Inox (220V),R$4.508
Lavadora De Louças Midea 14 Serviços Cinza Dwa14s1.dwa14s2,R$3.574
Lava Louças Digital 14 Serviços 84x61x60cm 127v - Electrolux,R$6.599
Lava Louças Electrolux 14 Serviços Ll14x 24601tbc189 110v,R$5.549
Lava Louças Midea 14 Serviços Branca,R$3.049
Lava Louças 14 Serviços Eos Ell14p Preta 220v Cor Preto,R$3.609
Lava-louças Preto Panasonic - Np-6m1mbkbrp 220V,R$4.454
Lava Louças Electrolux 14 Serviços Experience Preto 127v ,R$4.198
Lava Louças Midea 14 Serviços Branca,R$3.049
Lava Louças Brastemp 14 Serviços Com Ciclo Pesado Inox 220v,R$12.279
Lava Louças Philco Pll14id Digital 14 Serviços 220v,R$3.299
Lava Louças Midea 14 Serviços Pré Lavagem Cinza Dwa14s2 22 2,R$2.599
Lava Louças 14 Serviços 60cm 220v Cuisinart Prime,R$12.390
Lava-louças Samsung 14 Serviços Inox 220v Dw60dg550fsrbz,R$4.709
Lava-louças De Piso Brastemp 6 Programas De Lavagem Inox,R$12.279
Lava Louça 14 Serviços Cuisinart 60cm De Embutir Cozinha 220V,R$12.390
Lava Louças Midea De Bancada 14 Serviços Branca 220v Dwa14s1,R$4.819
Lava-louças De Embutir Panasonic 14 Serviços Preta 220v,R$4.949
Lava-louças Inox 14 Serviços Sb14x 60 Com Tramontina 220v,R$11.999
Lava-louças Panasonic 15 Serviços E Design Premium Preta - N,R$6.699
Lava-loucas Branca Brastemp 14 Servicos Blf14ab 110v 1250w,R$5.933
Lava Louças Philco Pll14id Digital 14 Serviços 220v,R$3.299
Lava-louças Samsung 14 Serviços Preta 220v Dw60dg550fsgbz,R$4.508
Lava-louças 14 Serviços Home Pro Lp14x Electrolux Frete Grat,R$7.599
Lava-louças 14 Serviços Branca 85x60x60cm 220v - Midea,R$4.399
Lava-louças De Embutir Panasonic 14 Serviços Preta 220v Np-6,R$4.609
Lava-loucas Branca Brastemp 14 Servicos Blf14ab 110v 1250w,R$5.915
Lava-louças Inox Serviços Sb14x 60 Tramontina 220v Original,R$12.985
Lava-louças Panasonic 15 Serviços E Design Premium,R$6.699
Lava-louças Panasonic 15 Serviços E Design Premium,R$6.699
Lava-louças De Embutir Panasonic 14 Serviços Preta 220v,R$4.949
Lava Louças Brastemp 14 Serviços Blf14ab Branca 127v,R$5.834
Lava-louças De Embutir Panasonic 14 Serviços Preta 220v,R$4.949
Lava-louças Brastemp 14 Serviços Blf14ab Branca,R$5.454
Lava-loucas Branca Brastemp 14 Servicos Blf14ab 110v 1250w,R$5.950
Lava-louças Brastemp 14 Serviços Inox Ciclo Pesado 220v,R$12.279
Lava Louças Midea Dwa14s 14 Serviços 7 Temperaturas,R$4.197
Lava-louças Brastemp 14 Serviços Ciclo Pesado Branca Blf14ab,R$5.324
Lava Louças Brastemp 14 Serviços Inox Embutir Smart Sensor,R$12.279
Lava-loucas Branca Brastemp 14 Servicos Blf14ab 110v 1250w,R$5.898
Lava Louças 14 Serviços 60cm 220v Cuisinart Prime,R$12.390
Lava Louças 14 Serviços Brastemp Inox Com Ciclo Pesado 220v,R$12.279
Lava Louças Brastemp Inox Com 6 Programas De Lavagem 220v,R$12.279
Lava Loucas Tramontina 14 Serviços 220v + Jogo 14 Pratos,R$10.605
Lava Louça 14 Serviços Cuisinart  60cm De Embutir Cozinha,R$12.390
Manual Técnico Serviço Lava Louças Lv10 B / X  E  Lv14 B / X,"R$37,99"
Manual Técnico Serviço Lava Louças Li10b / X  E  Li14b / X,"R$37,99"
Lava Louças 14 Serviços Brastemp Cor Inox 220v (usada),R$2.350
Lava Louças Electrolux 14 Serviços Ll14b Cor Branco 110v,R$3.000
Manual Técnico Serviço Lava Louça Brastemp Blb14f,"R$37,99"
Manual Técnico Serviço Lava Louça Brastemp Blf10 Ab / As,"R$37,99"
Lava Louças Midea 14 Serviços Preta Voltagem 220v,R$2.589.900
Lava-louças Electrolux 14 Serviços Preta (ll14p),R$4.399
Manual Técnico Serviço Lava Louça Electrolux Lf14x Em Pdf ,"R$37,99"
Lava-louças Electrolux 14 Serviços Ll14x 110v 24601tbc189,R$4.829
Lava-louças Electrolux 14 Serviços Inox Com Função Higieniza,R$5.049
Lava-louças Eos 14 Serviços Prata Ell14s 220v,R$3.609
